"Scrip Name","Scrip","ISIN","Scrip Opt","Buy Date","Buy Qty","Buy Rate","Buy Amt","Sell Date","Sell Qty","Sell Rate","Sell Amt","Days","Gross PL","Turn Over"
"BANKNIFTY","BANKNIFTY27AUG23600CE","","CE","27-08-2020","25","10.90","272.50","25-08-2020","25","45.50","1,137.50","2","865.00","2,002.50"
"BANKNIFTY","BANKNIFTY27AUG23800CE","","CE","25-08-2020","25","22.35","558.75","27-08-2020","25","0.35","8.75","2","-550.00","558.75"
"BANKNIFTY","BANKNIFTY03SEP24000CE","","CE","03-09-2020","25","0.15","3.75","03-09-2020","25","15.00","375.00","0","371.25","746.25"
"BANKNIFTY","BANKNIFTY03SEP24600CE","","CE","03-09-2020","25","0.10","2.50","02-09-2020","25","30.60","765.00","1","762.50","1,527.50"
"BANKNIFTY","BANKNIFTY03SEP24800CE","","CE","02-09-2020","25","21.65","541.25","03-09-2020","25","0.10","2.50","1","-538.75","541.25"
"BANKNIFTY","BANKNIFTY10SEP22400CE","","CE","10-09-2020","25","30.70","767.50","10-09-2020","25","9.40","235.00","0","-532.50","767.50"
"BANKNIFTY","BANKNIFTY10SEP22500CE","","CE","09-09-2020","25","67.60","1,690.00","09-09-2020","25","76.50","1,912.50","0","222.50","2,135.00"
"BANKNIFTY","BANKNIFTY10SEP22500CE","","CE","10-09-2020","25","11.75","293.75","10-09-2020","25","23.90","597.50","0","303.75","901.25"
"BANKNIFTY","BANKNIFTY10SEP22500CE","","CE","10-09-2020","25","11.75","293.75","10-09-2020","25","25.35","633.75","0","340.00","973.75"
"BANKNIFTY","BANKNIFTY10SEP22700CE","","CE","09-09-2020","25","45.25","1,131.25","09-09-2020","25","51.30","1,282.50","0","151.25","1,433.75"
"BANKNIFTY","BANKNIFTY10SEP22800CE","","CE","09-09-2020","25","68.00","1,700.00","09-09-2020","25","75.90","1,897.50","0","197.50","2,095.00"
"BANKNIFTY","BANKNIFTY10SEP22800CE","","CE","09-09-2020","25","67.95","1,698.75","09-09-2020","25","86.30","2,157.50","0","458.75","2,616.25"
"BANKNIFTY","BANKNIFTY10SEP23000CE","","CE","09-09-2020","25","39.70","992.50","09-09-2020","25","50.00","1,250.00","0","257.50","1,507.50"
"BANKNIFTY","BANKNIFTY10SEP23200CE","","CE","08-09-2020","25","177.45","4,436.25","08-09-2020","25","189.15","4,728.75","0","292.50","5,021.25"
"BANKNIFTY","BANKNIFTY10SEP23400CE","","CE","08-09-2020","25","113.15","2,828.75","08-09-2020","25","119.60","2,990.00","0","161.25","3,151.25"
"BANKNIFTY","BANKNIFTY10SEP23500CE","","CE","08-09-2020","25","89.00","2,225.00","08-09-2020","25","98.85","2,471.25","0","246.25","2,717.50"
"BANKNIFTY","BANKNIFTY10SEP23800CE","","CE","07-09-2020","25","91.70","2,292.50","07-09-2020","25","70.25","1,756.25","0","-536.25","2,292.50"
"BANKNIFTY","BANKNIFTY10SEP24500CE","","CE","07-09-2020","25","24.55","613.75","04-09-2020","25","44.95","1,123.75","3","510.00","1,633.75"
"BANKNIFTY","BANKNIFTY10SEP24700CE","","CE","04-09-2020","25","33.50","837.50","07-09-2020","25","17.85","446.25","3","-391.25","837.50"
"BANKNIFTY","BANKNIFTY17SEP22500CE","","CE","17-09-2020","25","4.00","100.00","17-09-2020","25","12.20","305.00","0","205.00","510.00"
"BANKNIFTY","BANKNIFTY17SEP22600CE","","CE","17-09-2020","25","6.85","171.25","17-09-2020","25","8.10","202.50","0","31.25","233.75"
"BANKNIFTY","BANKNIFTY17SEP22600CE","","CE","17-09-2020","25","10.25","256.25","17-09-2020","25","15.30","382.50","0","126.25","508.75"
"BANKNIFTY","BANKNIFTY17SEP22600CE","","CE","17-09-2020","25","10.25","256.25","17-09-2020","25","21.70","542.50","0","286.25","828.75"
"BANKNIFTY","BANKNIFTY17SEP22700CE","","CE","16-09-2020","25","117.10","2,927.50","16-09-2020","25","76.95","1,923.75","0","-1,003.75","2,927.50"
"BANKNIFTY","BANKNIFTY17SEP23000CE","","CE","14-09-2020","25","80.00","2,000.00","14-09-2020","25","84.00","2,100.00","0","100.00","2,200.00"
"BANKNIFTY","BANKNIFTY17SEP23000CE","","CE","16-09-2020","25","40.40","1,010.00","15-09-2020","25","72.25","1,806.25","1","796.25","2,602.50"
"BANKNIFTY","BANKNIFTY17SEP23000CE","","CE","16-09-2020","25","40.45","1,011.25","15-09-2020","25","77.10","1,927.50","1","916.25","2,843.75"
"BANKNIFTY","BANKNIFTY17SEP23200CE","","CE","15-09-2020","25","44.30","1,107.50","16-09-2020","25","19.85","496.25","1","-611.25","1,107.50"
"BANKNIFTY","BANKNIFTY17SEP23200CE","","CE","15-09-2020","25","40.70","1,017.50","16-09-2020","25","19.85","496.25","1","-521.25","1,017.50"
"BANKNIFTY","BANKNIFTY17SEP23300CE","","CE","14-09-2020","25","45.95","1,148.75","14-09-2020","25","46.00","1,150.00","0","1.25","1,151.25"
"BANKNIFTY","BANKNIFTY24SEP20900CE","","CE","24-09-2020","25","41.95","1,048.75","24-09-2020","25","27.10","677.50","0","-371.25","1,048.75"
"BANKNIFTY","BANKNIFTY24SEP20900CE","","CE","24-09-2020","25","2.25","56.25","24-09-2020","25","7.05","176.25","0","120.00","296.25"
"BANKNIFTY","BANKNIFTY24SEP20900CE","","CE","24-09-2020","25","41.90","1,047.50","24-09-2020","25","91.60","2,290.00","0","1,242.50","3,532.50"
"BANKNIFTY","BANKNIFTY24SEP21000CE","","CE","24-09-2020","25","3.45","86.25","24-09-2020","25","13.50","337.50","0","251.25","588.75"
"BANKNIFTY","BANKNIFTY24SEP21100CE","","CE","24-09-2020","25","8.00","200.00","24-09-2020","25","16.10","402.50","0","202.50","605.00"
"BANKNIFTY","BANKNIFTY24SEP23200CE","","CE","21-09-2020","25","19.60","490.00","18-09-2020","25","48.75","1,218.75","3","728.75","1,947.50"
"BANKNIFTY","BANKNIFTY01OCT22100CE","","CE","01-10-2020","25","153.80","3,845.00","01-10-2020","25","73.15","1,828.75","0","-2,016.25","3,845.00"
"BANKNIFTY","BANKNIFTY01OCT22100CE","","CE","01-10-2020","25","74.85","1,871.25","01-10-2020","25","29.15","728.75","0","-1,142.50","1,871.25"
"BANKNIFTY","BANKNIFTY01OCT22200CE","","CE","01-10-2020","25","3.55","88.75","29-09-2020","25","35.95","898.75","2","810.00","1,708.75"
"BANKNIFTY","BANKNIFTY01OCT22200CE","","CE","01-10-2020","25","40.00","1,000.00","01-10-2020","25","62.25","1,556.25","0","556.25","2,112.50"
"BANKNIFTY","BANKNIFTY01OCT22200CE","","CE","01-10-2020","25","37.30","932.50","01-10-2020","25","76.35","1,908.75","0","976.25","2,885.00"
"BANKNIFTY","BANKNIFTY01OCT22300CE","","CE","01-10-2020","25","0.40","10.00","01-10-2020","25","2.00","50.00","0","40.00","90.00"
"BANKNIFTY","BANKNIFTY08OCT23400CE","","CE","08-10-2020","25","21.40","535.00","08-10-2020","25","45.40","1,135.00","0","600.00","1,735.00"
"BANKNIFTY","BANKNIFTY08OCT23500CE","","CE","07-10-2020","25","44.35","1,108.75","01-10-2020","25","36.15","903.75","6","-205.00","1,108.75"
"BANKNIFTY","BANKNIFTY08OCT23500CE","","CE","08-10-2020","25","37.40","935.00","07-10-2020","25","32.15","803.75","1","-131.25","935.00"
"BANKNIFTY","BANKNIFTY08OCT23500CE","","CE","08-10-2020","25","19.50","487.50","08-10-2020","25","34.80","870.00","0","382.50","1,252.50"
"BANKNIFTY","BANKNIFTY15OCT24200CE","","CE","15-10-2020","25","23.05","576.25","15-10-2020","25","29.75","743.75","0","167.50","911.25"
"BANKNIFTY","BANKNIFTY15OCT24300CE","","CE","15-10-2020","25","2.50","62.50","15-10-2020","25","6.65","166.25","0","103.75","270.00"
"BANKNIFTY","BANKNIFTY15OCT24400CE","","CE","15-10-2020","25","9.65","241.25","15-10-2020","25","12.50","312.50","0","71.25","383.75"
"BANKNIFTY","BANKNIFTY15OCT24400CE","","CE","15-10-2020","25","10.65","266.25","15-10-2020","25","22.40","560.00","0","293.75","853.75"
"BANKNIFTY","BANKNIFTY15OCT24500CE","","CE","15-10-2020","25","2.95","73.75","13-10-2020","25","43.65","1,091.25","2","1,017.50","2,108.75"
"BANKNIFTY","BANKNIFTY15OCT24500CE","","CE","15-10-2020","25","1.75","43.75","15-10-2020","25","3.05","76.25","0","32.50","108.75"
"BANKNIFTY","BANKNIFTY15OCT24800CE","","CE","13-10-2020","25","23.50","587.50","15-10-2020","25","1.35","33.75","2","-553.75","587.50"
"BANKNIFTY","BANKNIFTY15OCT25000CE","","CE","13-10-2020","25","16.50","412.50","09-10-2020","25","44.45","1,111.25","4","698.75","1,810.00"
"BANKNIFTY","BANKNIFTY22OCT24300CE","","CE","19-10-2020","25","330.75","8,268.75","16-10-2020","25","138.85","3,471.25","3","-4,797.50","8,268.75"
"BANKNIFTY","BANKNIFTY22OCT24600CE","","CE","21-10-2020","25","343.10","8,577.50","19-10-2020","25","175.75","4,393.75","2","-4,183.75","8,577.50"
"BANKNIFTY","BANKNIFTY22OCT24700CE","","CE","21-10-2020","25","269.15","6,728.75","21-10-2020","25","268.00","6,700.00","0","-28.75","6,728.75"
"BANKNIFTY","BANKNIFTY22OCT24700CE","","CE","22-10-2020","25","3.30","82.50","22-10-2020","25","5.55","138.75","0","56.25","195.00"
"BANKNIFTY","BANKNIFTY22OCT24800CE","","CE","21-10-2020","25","128.90","3,222.50","21-10-2020","25","56.45","1,411.25","0","-1,811.25","3,222.50"
"BANKNIFTY","BANKNIFTY22OCT24800CE","","CE","21-10-2020","25","239.00","5,975.00","21-10-2020","25","214.95","5,373.75","0","-601.25","5,975.00"
"BANKNIFTY","BANKNIFTY22OCT24800CE","","CE","21-10-2020","25","146.90","3,672.50","21-10-2020","25","213.55","5,338.75","0","1,666.25","7,005.00"
"BANKNIFTY","BANKNIFTY22OCT24800CE","","CE","22-10-2020","25","5.65","141.25","22-10-2020","25","31.00","775.00","0","633.75","1,408.75"
"BANKNIFTY","BANKNIFTY22OCT24900CE","","CE","16-10-2020","25","49.30","1,232.50","16-10-2020","25","48.05","1,201.25","0","-31.25","1,232.50"
"BANKNIFTY","BANKNIFTY22OCT24900CE","","CE","22-10-2020","25","76.15","1,903.75","21-10-2020","25","92.20","2,305.00","1","401.25","2,706.25"
"BANKNIFTY","BANKNIFTY22OCT24900CE","","CE","22-10-2020","25","16.50","412.50","22-10-2020","25","48.85","1,221.25","0","808.75","2,030.00"
"BANKNIFTY","BANKNIFTY22OCT25000CE","","CE","21-10-2020","25","144.40","3,610.00","21-10-2020","25","127.15","3,178.75","0","-431.25","3,610.00"
"BANKNIFTY","BANKNIFTY22OCT25000CE","","CE","21-10-2020","25","30.20","755.00","21-10-2020","25","26.70","667.50","0","-87.50","755.00"
"BANKNIFTY","BANKNIFTY22OCT25000CE","","CE","22-10-2020","25","10.85","271.25","22-10-2020","25","29.90","747.50","0","476.25","1,223.75"
"BANKNIFTY","BANKNIFTY22OCT25100CE","","CE","22-10-2020","25","1.45","36.25","22-10-2020","25","6.80","170.00","0","133.75","303.75"
"BANKNIFTY","BANKNIFTY22OCT25200CE","","CE","21-10-2020","25","36.00","900.00","22-10-2020","25","4.60","115.00","1","-785.00","900.00"
"BANKNIFTY","BANKNIFTY29OCT24500CE","","CE","29-10-2020","25","15.35","383.75","29-10-2020","25","18.75","468.75","0","85.00","553.75"
"BANKNIFTY","BANKNIFTY29OCT24700CE","","CE","29-10-2020","25","5.85","146.25","29-10-2020","25","7.25","181.25","0","35.00","216.25"
"BANKNIFTY","BANKNIFTY29OCT24700CE","","CE","29-10-2020","25","5.90","147.50","29-10-2020","25","14.20","355.00","0","207.50","562.50"
"BANKNIFTY","BANKNIFTY29OCT24900CE","","CE","29-10-2020","25","5.55","138.75","28-10-2020","25","33.75","843.75","1","705.00","1,548.75"
"BANKNIFTY","BANKNIFTY29OCT24900CE","","CE","29-10-2020","25","6.65","166.25","29-10-2020","25","2.35","58.75","0","-107.50","166.25"
"BANKNIFTY","BANKNIFTY29OCT24900CE","","CE","29-10-2020","25","6.65","166.25","29-10-2020","25","2.40","60.00","0","-106.25","166.25"
"BANKNIFTY","BANKNIFTY29OCT25100CE","","CE","28-10-2020","25","31.00","775.00","26-10-2020","25","73.05","1,826.25","2","1,051.25","2,877.50"
"BANKNIFTY","BANKNIFTY29OCT25200CE","","CE","28-10-2020","25","25.15","628.75","26-10-2020","25","62.45","1,561.25","2","932.50","2,493.75"
"BANKNIFTY","BANKNIFTY29OCT25200CE","","CE","28-10-2020","25","15.90","397.50","29-10-2020","25","2.50","62.50","1","-335.00","397.50"
"BANKNIFTY","BANKNIFTY29OCT25400CE","","CE","26-10-2020","25","43.90","1,097.50","28-10-2020","25","16.50","412.50","2","-685.00","1,097.50"
"BANKNIFTY","BANKNIFTY29OCT25500CE","","CE","26-10-2020","25","39.00","975.00","23-10-2020","25","110.60","2,765.00","3","1,790.00","4,555.00"
"BANKNIFTY","BANKNIFTY29OCT25500CE","","CE","26-10-2020","25","37.55","938.75","28-10-2020","25","13.75","343.75","2","-595.00","938.75"
"BANKNIFTY","BANKNIFTY29OCT25700CE","","CE","23-10-2020","25","81.80","2,045.00","26-10-2020","25","27.65","691.25","3","-1,353.75","2,045.00"
"BANKNIFTY","BANKNIFTY05NOV25700CE","","CE","03-11-2020","25","327.80","8,195.00","29-10-2020","25","80.55","2,013.75","5","-6,181.25","8,195.00"
"BANKNIFTY","BANKNIFTY05NOV26000CE","","CE","29-10-2020","25","51.25","1,281.25","03-11-2020","25","220.85","5,521.25","5","4,240.00","9,761.25"
"BANKNIFTY","BANKNIFTY05NOV26400CE","","CE","05-11-2020","25","24.55","613.75","05-11-2020","25","22.45","561.25","0","-52.50","613.75"
"BANKNIFTY","BANKNIFTY05NOV26400CE","","CE","05-11-2020","25","14.90","372.50","05-11-2020","25","20.50","512.50","0","140.00","652.50"
"BANKNIFTY","BANKNIFTY05NOV26500CE","","CE","05-11-2020","25","31.10","777.50","03-11-2020","25","106.25","2,656.25","2","1,878.75","4,535.00"
"BANKNIFTY","BANKNIFTY05NOV26600CE","","CE","05-11-2020","25","6.90","172.50","05-11-2020","25","6.70","167.50","0","-5.00","172.50"
"BANKNIFTY","BANKNIFTY05NOV26700CE","","CE","03-11-2020","25","78.40","1,960.00","05-11-2020","25","9.30","232.50","2","-1,727.50","1,960.00"
"BANKNIFTY","BANKNIFTY05NOV26800CE","","CE","05-11-2020","25","5.30","132.50","03-11-2020","25","61.00","1,525.00","2","1,392.50","2,917.50"
"BANKNIFTY","BANKNIFTY05NOV27000CE","","CE","03-11-2020","25","32.85","821.25","05-11-2020","25","2.60","65.00","2","-756.25","821.25"
"BANKNIFTY","BANKNIFTY12NOV27600CE","","CE","09-11-2020","25","334.00","8,350.00","10-11-2020","25","736.20","18,405.00","1","10,055.00","28,460.00"
"BANKNIFTY","BANKNIFTY12NOV27700CE","","CE","10-11-2020","25","664.50","16,612.50","05-11-2020","25","54.45","1,361.25","5","-15,251.25","16,612.50"
"BANKNIFTY","BANKNIFTY12NOV27800CE","","CE","10-11-2020","25","594.85","14,871.25","09-11-2020","25","239.05","5,976.25","1","-8,895.00","14,871.25"
"BANKNIFTY","BANKNIFTY12NOV28000CE","","CE","05-11-2020","25","33.35","833.75","10-11-2020","25","467.80","11,695.00","5","10,861.25","22,556.25"
"BANKNIFTY","BANKNIFTY12NOV29100CE","","CE","12-11-2020","25","15.20","380.00","12-11-2020","25","29.50","737.50","0","357.50","1,095.00"
"BANKNIFTY","BANKNIFTY12NOV29200CE","","CE","12-11-2020","25","28.45","711.25","10-11-2020","25","61.70","1,542.50","2","831.25","2,373.75"
"BANKNIFTY","BANKNIFTY12NOV29300CE","","CE","12-11-2020","25","7.60","190.00","12-11-2020","25","15.75","393.75","0","203.75","597.50"
"BANKNIFTY","BANKNIFTY12NOV29400CE","","CE","10-11-2020","25","41.20","1,030.00","12-11-2020","25","14.75","368.75","2","-661.25","1,030.00"
"BANKNIFTY","BANKNIFTY12NOV29500CE","","CE","12-11-2020","25","4.30","107.50","12-11-2020","25","8.15","203.75","0","96.25","300.00"
"BANKNIFTY","BANKNIFTY19NOV30100CE","","CE","19-11-2020","25","4.95","123.75","14-11-2020","25","36.50","912.50","5","788.75","1,701.25"
"BANKNIFTY","BANKNIFTY19NOV30100CE","","CE","19-11-2020","25","4.95","123.75","18-11-2020","25","48.90","1,222.50","1","1,098.75","2,321.25"
"BANKNIFTY","BANKNIFTY19NOV30100CE","","CE","19-11-2020","25","0.90","22.50","19-11-2020","25","7.05","176.25","0","153.75","330.00"
"BANKNIFTY","BANKNIFTY19NOV30200CE","","CE","18-11-2020","25","32.85","821.25","19-11-2020","25","3.05","76.25","1","-745.00","821.25"
"BANKNIFTY","BANKNIFTY19NOV30300CE","","CE","14-11-2020","25","26.40","660.00","19-11-2020","25","2.15","53.75","5","-606.25","660.00"
"BANKNIFTY","BANKNIFTY26NOV29300CE","","CE","26-11-2020","25","70.80","1,770.00","26-11-2020","25","23.35","583.75","0","-1,186.25","1,770.00"
"BANKNIFTY","BANKNIFTY26NOV29500CE","","CE","26-11-2020","25","81.20","2,030.00","26-11-2020","25","20.35","508.75","0","-1,521.25","2,030.00"
"BANKNIFTY","BANKNIFTY26NOV29500CE","","CE","26-11-2020","25","50.50","1,262.50","26-11-2020","25","5.40","135.00","0","-1,127.50","1,262.50"
"BANKNIFTY","BANKNIFTY26NOV29500CE","","CE","26-11-2020","25","50.50","1,262.50","26-11-2020","25","8.50","212.50","0","-1,050.00","1,262.50"
"BANKNIFTY","BANKNIFTY26NOV29500CE","","CE","26-11-2020","25","23.30","582.50","26-11-2020","25","39.65","991.25","0","408.75","1,400.00"
"BANKNIFTY","BANKNIFTY26NOV29500CE","","CE","26-11-2020","25","7.30","182.50","26-11-2020","25","64.20","1,605.00","0","1,422.50","3,027.50"
"BANKNIFTY","BANKNIFTY26NOV29600CE","","CE","26-11-2020","25","41.15","1,028.75","26-11-2020","25","21.00","525.00","0","-503.75","1,028.75"
"BANKNIFTY","BANKNIFTY26NOV29600CE","","CE","26-11-2020","25","6.10","152.50","26-11-2020","25","13.40","335.00","0","182.50","517.50"
"BANKNIFTY","BANKNIFTY26NOV29600CE","","CE","26-11-2020","25","2.45","61.25","26-11-2020","25","32.55","813.75","0","752.50","1,566.25"
"BANKNIFTY","BANKNIFTY26NOV29700CE","","CE","26-11-2020","25","12.95","323.75","26-11-2020","25","0.95","23.75","0","-300.00","323.75"
"BANKNIFTY","BANKNIFTY26NOV29700CE","","CE","26-11-2020","25","12.15","303.75","26-11-2020","25","16.85","421.25","0","117.50","538.75"
"BANKNIFTY","BANKNIFTY26NOV30400CE","","CE","26-11-2020","25","2.55","63.75","25-11-2020","25","34.95","873.75","1","810.00","1,683.75"
"BANKNIFTY","BANKNIFTY26NOV30500CE","","CE","25-11-2020","25","74.45","1,861.25","20-11-2020","25","54.05","1,351.25","5","-510.00","1,861.25"
"BANKNIFTY","BANKNIFTY26NOV30700CE","","CE","25-11-2020","25","20.40","510.00","26-11-2020","25","1.30","32.50","1","-477.50","510.00"
"BANKNIFTY","BANKNIFTY26NOV30800CE","","CE","25-11-2020","25","36.05","901.25","20-11-2020","25","48.75","1,218.75","5","317.50","1,536.25"
"BANKNIFTY","BANKNIFTY26NOV31000CE","","CE","20-11-2020","25","35.60","890.00","25-11-2020","25","22.25","556.25","5","-333.75","890.00"
"BANKNIFTY","BANKNIFTY26NOV31500CE","","CE","20-11-2020","25","14.70","367.50","25-11-2020","25","8.05","201.25","5","-166.25","367.50"
"BANKNIFTY","BANKNIFTY03DEC29700CE","","CE","03-12-2020","25","0.75","18.75","03-12-2020","25","3.50","87.50","0","68.75","156.25"
"BANKNIFTY","BANKNIFTY03DEC29900CE","","CE","03-12-2020","25","4.60","115.00","03-12-2020","25","19.95","498.75","0","383.75","882.50"
"BANKNIFTY","BANKNIFTY03DEC30000CE","","CE","03-12-2020","25","8.65","216.25","03-12-2020","25","22.40","560.00","0","343.75","903.75"
"BANKNIFTY","BANKNIFTY03DEC30100CE","","CE","03-12-2020","25","4.80","120.00","03-12-2020","25","11.60","290.00","0","170.00","460.00"
"BANKNIFTY","BANKNIFTY03DEC30200CE","","CE","03-12-2020","25","11.25","281.25","02-12-2020","25","25.30","632.50","1","351.25","983.75"
"BANKNIFTY","BANKNIFTY03DEC30200CE","","CE","03-12-2020","50","6.20","310.00","03-12-2020","50","2.75","137.50","0","-172.50","310.00"
"BANKNIFTY","BANKNIFTY03DEC30300CE","","CE","03-12-2020","25","3.55","88.75","03-12-2020","25","5.70","142.50","0","53.75","196.25"
"BANKNIFTY","BANKNIFTY03DEC30400CE","","CE","02-12-2020","25","14.55","363.75","03-12-2020","25","3.80","95.00","1","-268.75","363.75"
"BANKNIFTY","BANKNIFTY03DEC30500CE","","CE","03-12-2020","25","2.90","72.50","02-12-2020","25","51.10","1,277.50","1","1,205.00","2,482.50"
"BANKNIFTY","BANKNIFTY03DEC30700CE","","CE","02-12-2020","25","27.10","677.50","03-12-2020","25","1.80","45.00","1","-632.50","677.50"
"BANKNIFTY","BANKNIFTY03DEC30800CE","","CE","03-12-2020","25","1.55","38.75","27-11-2020","25","79.60","1,990.00","6","1,951.25","3,941.25"
"BANKNIFTY","BANKNIFTY03DEC31000CE","","CE","27-11-2020","25","57.75","1,443.75","03-12-2020","25","1.15","28.75","6","-1,415.00","1,443.75"
"BANKNIFTY","BANKNIFTY10DEC30400CE","","CE","10-12-2020","25","148.40","3,710.00","10-12-2020","25","47.65","1,191.25","0","-2,518.75","3,710.00"
"BANKNIFTY","BANKNIFTY10DEC30400CE","","CE","10-12-2020","25","31.35","783.75","10-12-2020","25","29.70","742.50","0","-41.25","783.75"
"BANKNIFTY","BANKNIFTY10DEC30500CE","","CE","10-12-2020","25","67.15","1,678.75","10-12-2020","25","16.35","408.75","0","-1,270.00","1,678.75"
"BANKNIFTY","BANKNIFTY10DEC30500CE","","CE","10-12-2020","25","10.20","255.00","10-12-2020","25","13.80","345.00","0","90.00","435.00"
"BANKNIFTY","BANKNIFTY10DEC30500CE","","CE","10-12-2020","25","8.85","221.25","10-12-2020","25","41.50","1,037.50","0","816.25","1,853.75"
"BANKNIFTY","BANKNIFTY10DEC30600CE","","CE","10-12-2020","25","9.60","240.00","10-12-2020","25","10.60","265.00","0","25.00","290.00"
"BANKNIFTY","BANKNIFTY10DEC30600CE","","CE","10-12-2020","25","9.10","227.50","10-12-2020","25","29.85","746.25","0","518.75","1,265.00"
"BANKNIFTY","BANKNIFTY10DEC30700CE","","CE","10-12-2020","25","5.75","143.75","10-12-2020","25","14.25","356.25","0","212.50","568.75"
"BANKNIFTY","BANKNIFTY10DEC30800CE","","CE","10-12-2020","25","6.90","172.50","10-12-2020","25","29.20","730.00","0","557.50","1,287.50"
"BANKNIFTY","BANKNIFTY10DEC31200CE","","CE","10-12-2020","25","2.95","73.75","04-12-2020","25","40.90","1,022.50","6","948.75","1,971.25"
"BANKNIFTY","BANKNIFTY10DEC31400CE","","CE","04-12-2020","25","29.30","732.50","10-12-2020","25","2.00","50.00","6","-682.50","732.50"
"BANKNIFTY","BANKNIFTY17DEC31000CE","","CE","17-12-2020","25","10.65","266.25","17-12-2020","25","14.00","350.00","0","83.75","433.75"
"BANKNIFTY","BANKNIFTY17DEC31100CE","","CE","17-12-2020","25","12.60","315.00","17-12-2020","25","18.10","452.50","0","137.50","590.00"
"BANKNIFTY","BANKNIFTY17DEC31200CE","","CE","17-12-2020","25","11.05","276.25","15-12-2020","25","62.40","1,560.00","2","1,283.75","2,843.75"
"BANKNIFTY","BANKNIFTY17DEC31200CE","","CE","17-12-2020","25","5.65","141.25","17-12-2020","25","9.60","240.00","0","98.75","338.75"
"BANKNIFTY","BANKNIFTY17DEC31300CE","","CE","17-12-2020","25","6.50","162.50","15-12-2020","25","49.40","1,235.00","2","1,072.50","2,307.50"
"BANKNIFTY","BANKNIFTY17DEC31300CE","","CE","17-12-2020","50","5.70","285.00","17-12-2020","50","3.05","152.50","0","-132.50","285.00"
"BANKNIFTY","BANKNIFTY17DEC31500CE","","CE","15-12-2020","25","31.50","787.50","17-12-2020","25","3.20","80.00","2","-707.50","787.50"
"BANKNIFTY","BANKNIFTY17DEC31700CE","","CE","15-12-2020","25","20.40","510.00","17-12-2020","25","2.00","50.00","2","-460.00","510.00"
"BANKNIFTY","BANKNIFTY17DEC31800CE","","CE","15-12-2020","25","15.30","382.50","10-12-2020","25","63.65","1,591.25","5","1,208.75","2,800.00"
"BANKNIFTY","BANKNIFTY17DEC32000CE","","CE","10-12-2020","25","45.70","1,142.50","14-12-2020","25","23.50","587.50","4","-555.00","1,142.50"
"BANKNIFTY","BANKNIFTY24DEC31800CE","","CE","21-12-2020","25","20.35","508.75","18-12-2020","25","44.55","1,113.75","3","605.00","1,718.75"
"BANKNIFTY","BANKNIFTY24DEC32100CE","","CE","18-12-2020","25","26.20","655.00","21-12-2020","25","12.90","322.50","3","-332.50","655.00"
"BANKNIFTY","BANKNIFTY04MAR36000CE","","CE","04-03-2021","25","311.10","7,777.50","04-03-2021","25","18.80","470.00","0","-7,307.50","7,777.50"
"BANKNIFTY","BANKNIFTY04MAR36000CE","","CE","04-03-2021","25","247.95","6,198.75","04-03-2021","25","278.00","6,950.00","0","751.25","7,701.25"
"BANKNIFTY","BANKNIFTY04MAR36000CE","","CE","04-03-2021","25","0.00","0.00","04-03-2021","25","161.15","4,028.75","0","4,028.75","8,057.50"
"BANKNIFTY","BANKNIFTY04MAR36200CE","","CE","04-03-2021","25","0.00","0.00","04-03-2021","25","190.00","4,750.00","0","4,750.00","9,500.00"
"BANKNIFTY","BANKNIFTY04MAR37000CE","","CE","04-03-2021","25","8.35","208.75","04-03-2021","25","0.00","0.00","0","-208.75","208.75"
"BANKNIFTY","BANKNIFTY04MAR37000CE","","CE","04-03-2021","25","1.20","30.00","04-03-2021","25","0.00","0.00","0","-30.00","30.00"
"BANKNIFTY","BANKNIFTY04MAR37000CE","","CE","04-03-2021","25","1.20","30.00","04-03-2021","25","1.20","30.00","0","0.00","30.00"
"BANKNIFTY","BANKNIFTY04MAR37300CE","","CE","02-03-2021","25","21.95","548.75","26-02-2021","25","96.00","2,400.00","4","1,851.25","4,251.25"
"BANKNIFTY","BANKNIFTY04MAR37500CE","","CE","26-02-2021","25","78.00","1,950.00","02-03-2021","25","18.00","450.00","4","-1,500.00","1,950.00"
"BANKNIFTY","BANKNIFTY10MAR36200CE","","CE","10-03-2021","25","0.00","0.00","10-03-2021","25","103.00","2,575.00","0","2,575.00","5,150.00"
"BANKNIFTY","BANKNIFTY10MAR36400CE","","CE","10-03-2021","25","0.00","0.00","08-03-2021","25","114.00","2,850.00","2","2,850.00","5,700.00"
"BANKNIFTY","BANKNIFTY10MAR36500CE","","CE","09-03-2021","25","48.95","1,223.75","09-03-2021","25","50.00","1,250.00","0","26.25","1,276.25"
"BANKNIFTY","BANKNIFTY10MAR36500CE","","CE","10-03-2021","25","0.00","0.00","09-03-2021","25","49.00","1,225.00","1","1,225.00","2,450.00"
"BANKNIFTY","BANKNIFTY10MAR36600CE","","CE","10-03-2021","25","21.80","545.00","10-03-2021","25","0.00","0.00","0","-545.00","545.00"
"BANKNIFTY","BANKNIFTY10MAR36700CE","","CE","08-03-2021","25","77.60","1,940.00","10-03-2021","25","0.00","0.00","2","-1,940.00","1,940.00"
"BANKNIFTY","BANKNIFTY10MAR36700CE","","CE","10-03-2021","25","3.00","75.00","10-03-2021","25","3.00","75.00","0","0.00","75.00"
"BANKNIFTY","BANKNIFTY10MAR36900CE","","CE","08-03-2021","25","61.00","1,525.00","05-03-2021","25","155.00","3,875.00","3","2,350.00","6,225.00"
"BANKNIFTY","BANKNIFTY10MAR37000CE","","CE","09-03-2021","25","13.75","343.75","10-03-2021","25","0.00","0.00","1","-343.75","343.75"
"BANKNIFTY","BANKNIFTY10MAR37100CE","","CE","05-03-2021","25","124.00","3,100.00","08-03-2021","25","45.00","1,125.00","3","-1,975.00","3,100.00"
"BANKNIFTY","BANKNIFTY18MAR34000CE","","CE","18-03-2021","25","120.00","3,000.00","18-03-2021","25","130.00","3,250.00","0","250.00","3,500.00"
"BANKNIFTY","BANKNIFTY18MAR34400CE","","CE","18-03-2021","25","224.50","5,612.50","18-03-2021","25","200.00","5,000.00","0","-612.50","5,612.50"
"BANKNIFTY","BANKNIFTY18MAR34500CE","","CE","18-03-2021","25","0.00","0.00","18-03-2021","25","160.00","4,000.00","0","4,000.00","8,000.00"
"BANKNIFTY","BANKNIFTY18MAR35200CE","","CE","18-03-2021","25","9.40","235.00","18-03-2021","25","3.70","92.50","0","-142.50","235.00"
"BANKNIFTY","BANKNIFTY18MAR37300CE","","CE","18-03-2021","25","2.50","62.50","12-03-2021","25","159.10","3,977.50","6","3,915.00","7,892.50"
"BANKNIFTY","BANKNIFTY18MAR37500CE","","CE","12-03-2021","25","139.00","3,475.00","18-03-2021","25","2.50","62.50","6","-3,412.50","3,475.00"
"BANKNIFTY","BANKNIFTY18MAR37900CE","","CE","12-03-2021","25","92.00","2,300.00","12-03-2021","25","112.00","2,800.00","0","500.00","3,300.00"
"BANKNIFTY","BANKNIFTY25MAR32800CE","","CE","25-03-2021","25","84.00","2,100.00","25-03-2021","25","105.00","2,625.00","0","525.00","3,150.00"
"BANKNIFTY","BANKNIFTY25MAR33500CE","","CE","24-03-2021","25","387.00","9,675.00","24-03-2021","25","362.25","9,056.25","0","-618.75","9,675.00"
"BANKNIFTY","BANKNIFTY25MAR33500CE","","CE","24-03-2021","25","350.95","8,773.75","24-03-2021","25","330.00","8,250.00","0","-523.75","8,773.75"
"BANKNIFTY","BANKNIFTY25MAR33500CE","","CE","24-03-2021","25","338.00","8,450.00","24-03-2021","25","346.95","8,673.75","0","223.75","8,897.50"
"BANKNIFTY","BANKNIFTY25MAR33900CE","","CE","24-03-2021","25","358.85","8,971.25","24-03-2021","25","364.65","9,116.25","0","145.00","9,261.25"
"BANKNIFTY","BANKNIFTY25MAR34000CE","","CE","19-03-2021","25","715.00","17,875.00","19-03-2021","25","790.00","19,750.00","0","1,875.00","21,625.00"
"BANKNIFTY","BANKNIFTY25MAR34000CE","","CE","19-03-2021","25","698.00","17,450.00","19-03-2021","25","790.00","19,750.00","0","2,300.00","22,050.00"
"BANKNIFTY","BANKNIFTY25MAR35700CE","","CE","25-03-2021","50","2.10","105.00","19-03-2021","50","75.00","3,750.00","6","3,645.00","7,395.00"
"BANKNIFTY","BANKNIFTY25MAR35900CE","","CE","19-03-2021","25","66.15","1,653.75","25-03-2021","25","1.75","43.75","6","-1,610.00","1,653.75"
"BANKNIFTY","BANKNIFTY25MAR35900CE","","CE","19-03-2021","25","66.10","1,652.50","25-03-2021","25","1.75","43.75","6","-1,608.75","1,652.50"
"BANKNIFTY","BANKNIFTY01APR33400CE","","CE","31-03-2021","25","260.00","6,500.00","31-03-2021","25","257.70","6,442.50","0","-57.50","6,500.00"
"BANKNIFTY","BANKNIFTY01APR33400CE","","CE","31-03-2021","25","262.05","6,551.25","31-03-2021","25","270.95","6,773.75","0","222.50","6,996.25"
"BANKNIFTY","BANKNIFTY01APR34700CE","","CE","26-03-2021","25","167.00","4,175.00","26-03-2021","25","147.00","3,675.00","0","-500.00","4,175.00"
"BANKNIFTY","BANKNIFTY01APR34700CE","","CE","31-03-2021","25","45.90","1,147.50","26-03-2021","25","147.00","3,675.00","5","2,527.50","6,202.50"
"BANKNIFTY","BANKNIFTY01APR34700CE","","CE","31-03-2021","25","45.90","1,147.50","26-03-2021","25","147.00","3,675.00","5","2,527.50","6,202.50"
"BANKNIFTY","BANKNIFTY01APR34700CE","","CE","31-03-2021","25","45.85","1,146.25","26-03-2021","25","147.00","3,675.00","5","2,528.75","6,203.75"
"BANKNIFTY","BANKNIFTY01APR34900CE","","CE","26-03-2021","25","111.00","2,775.00","26-03-2021","25","124.00","3,100.00","0","325.00","3,425.00"
"BANKNIFTY","BANKNIFTY01APR34900CE","","CE","26-03-2021","75","111.00","8,325.00","31-03-2021","75","27.05","2,028.75","5","-6,296.25","8,325.00"
"BANKNIFTY","BANKNIFTY08APR33500CE","","CE","31-03-2021","25","552.45","13,811.25","31-03-2021","25","562.35","14,058.75","0","247.50","14,306.25"
"BANKNIFTY","BANKNIFTY08APR33500CE","","CE","31-03-2021","25","561.80","14,045.00","31-03-2021","25","575.00","14,375.00","0","330.00","14,705.00"
"BANKNIFTY","BANKNIFTY27AUG22300PE","","PE","27-08-2020","25","1.40","35.00","27-08-2020","25","0.10","2.50","0","-32.50","35.00"
"BANKNIFTY","BANKNIFTY27AUG22400PE","","PE","25-08-2020","25","52.50","1,312.50","27-08-2020","25","1.40","35.00","2","-1,277.50","1,312.50"
"BANKNIFTY","BANKNIFTY27AUG22500PE","","PE","27-08-2020","25","0.15","3.75","27-08-2020","25","1.65","41.25","0","37.50","78.75"
"BANKNIFTY","BANKNIFTY27AUG22600PE","","PE","27-08-2020","25","2.05","51.25","25-08-2020","25","80.00","2,000.00","2","1,948.75","3,948.75"
"BANKNIFTY","BANKNIFTY03SEP23000PE","","PE","02-09-2020","25","64.95","1,623.75","03-09-2020","25","0.00","0.00","1","-1,623.75","1,623.75"
"BANKNIFTY","BANKNIFTY03SEP23300PE","","PE","03-09-2020","25","0.00","0.00","02-09-2020","25","120.80","3,020.00","1","3,020.00","6,040.00"
"BANKNIFTY","BANKNIFTY03SEP23300PE","","PE","03-09-2020","25","0.15","3.75","03-09-2020","25","7.20","180.00","0","176.25","356.25"
"BANKNIFTY","BANKNIFTY10SEP21700PE","","PE","04-09-2020","25","58.35","1,458.75","07-09-2020","25","36.75","918.75","3","-540.00","1,458.75"
"BANKNIFTY","BANKNIFTY10SEP21900PE","","PE","09-09-2020","25","79.10","1,977.50","09-09-2020","25","73.20","1,830.00","0","-147.50","1,977.50"
"BANKNIFTY","BANKNIFTY10SEP21900PE","","PE","09-09-2020","25","56.60","1,415.00","10-09-2020","25","4.10","102.50","1","-1,312.50","1,415.00"
"BANKNIFTY","BANKNIFTY10SEP22000PE","","PE","07-09-2020","25","62.00","1,550.00","04-09-2020","25","89.45","2,236.25","3","686.25","2,922.50"
"BANKNIFTY","BANKNIFTY10SEP22000PE","","PE","07-09-2020","25","62.40","1,560.00","07-09-2020","25","89.40","2,235.00","0","675.00","2,910.00"
"BANKNIFTY","BANKNIFTY10SEP22100PE","","PE","10-09-2020","25","12.90","322.50","09-09-2020","25","113.10","2,827.50","1","2,505.00","5,332.50"
"BANKNIFTY","BANKNIFTY10SEP22300PE","","PE","07-09-2020","25","107.35","2,683.75","08-09-2020","25","71.60","1,790.00","1","-893.75","2,683.75"
"BANKNIFTY","BANKNIFTY10SEP22300PE","","PE","10-09-2020","25","45.90","1,147.50","10-09-2020","25","33.05","826.25","0","-321.25","1,147.50"
"BANKNIFTY","BANKNIFTY10SEP22300PE","","PE","10-09-2020","25","7.35","183.75","10-09-2020","25","20.00","500.00","0","316.25","816.25"
"BANKNIFTY","BANKNIFTY10SEP22400PE","","PE","07-09-2020","25","107.30","2,682.50","08-09-2020","25","89.10","2,227.50","1","-455.00","2,682.50"
"BANKNIFTY","BANKNIFTY10SEP22400PE","","PE","08-09-2020","25","84.85","2,121.25","09-09-2020","25","251.35","6,283.75","1","4,162.50","10,446.25"
"BANKNIFTY","BANKNIFTY10SEP22400PE","","PE","10-09-2020","25","86.40","2,160.00","10-09-2020","25","14.10","352.50","0","-1,807.50","2,160.00"
"BANKNIFTY","BANKNIFTY10SEP22400PE","","PE","10-09-2020","25","86.40","2,160.00","10-09-2020","25","14.50","362.50","0","-1,797.50","2,160.00"
"BANKNIFTY","BANKNIFTY10SEP22400PE","","PE","10-09-2020","25","0.20","5.00","10-09-2020","25","10.00","250.00","0","245.00","495.00"
"BANKNIFTY","BANKNIFTY10SEP22400PE","","PE","10-09-2020","25","11.75","293.75","10-09-2020","25","24.45","611.25","0","317.50","928.75"
"BANKNIFTY","BANKNIFTY10SEP22500PE","","PE","08-09-2020","25","111.45","2,786.25","07-09-2020","25","154.10","3,852.50","1","1,066.25","4,918.75"
"BANKNIFTY","BANKNIFTY10SEP22500PE","","PE","10-09-2020","25","196.30","4,907.50","10-09-2020","25","28.20","705.00","0","-4,202.50","4,907.50"
"BANKNIFTY","BANKNIFTY10SEP22500PE","","PE","10-09-2020","25","196.30","4,907.50","10-09-2020","25","29.20","730.00","0","-4,177.50","4,907.50"
"BANKNIFTY","BANKNIFTY10SEP22600PE","","PE","08-09-2020","25","138.30","3,457.50","07-09-2020","25","156.75","3,918.75","1","461.25","4,380.00"
"BANKNIFTY","BANKNIFTY10SEP22600PE","","PE","08-09-2020","25","137.00","3,425.00","08-09-2020","25","133.75","3,343.75","0","-81.25","3,425.00"
"BANKNIFTY","BANKNIFTY10SEP22600PE","","PE","08-09-2020","25","137.00","3,425.00","08-09-2020","25","137.15","3,428.75","0","3.75","3,432.50"
"BANKNIFTY","BANKNIFTY10SEP22600PE","","PE","09-09-2020","25","388.15","9,703.75","08-09-2020","25","132.90","3,322.50","1","-6,381.25","9,703.75"
"BANKNIFTY","BANKNIFTY10SEP22800PE","","PE","08-09-2020","25","203.90","5,097.50","08-09-2020","25","198.45","4,961.25","0","-136.25","5,097.50"
"BANKNIFTY","BANKNIFTY17SEP21100PE","","PE","14-09-2020","25","51.85","1,296.25","14-09-2020","25","48.40","1,210.00","0","-86.25","1,296.25"
"BANKNIFTY","BANKNIFTY17SEP21300PE","","PE","10-09-2020","25","60.00","1,500.00","16-09-2020","25","10.85","271.25","6","-1,228.75","1,500.00"
"BANKNIFTY","BANKNIFTY17SEP21400PE","","PE","14-09-2020","25","99.90","2,497.50","14-09-2020","25","83.50","2,087.50","0","-410.00","2,497.50"
"BANKNIFTY","BANKNIFTY17SEP21400PE","","PE","14-09-2020","25","94.60","2,365.00","14-09-2020","25","95.00","2,375.00","0","10.00","2,385.00"
"BANKNIFTY","BANKNIFTY17SEP21500PE","","PE","16-09-2020","25","16.85","421.25","10-09-2020","25","82.10","2,052.50","6","1,631.25","3,683.75"
"BANKNIFTY","BANKNIFTY17SEP21700PE","","PE","10-09-2020","25","116.60","2,915.00","16-09-2020","25","26.70","667.50","6","-2,247.50","2,915.00"
"BANKNIFTY","BANKNIFTY17SEP21900PE","","PE","16-09-2020","25","47.00","1,175.00","10-09-2020","25","156.55","3,913.75","6","2,738.75","6,652.50"
"BANKNIFTY","BANKNIFTY17SEP22100PE","","PE","16-09-2020","25","44.70","1,117.50","16-09-2020","25","108.05","2,701.25","0","1,583.75","4,285.00"
"BANKNIFTY","BANKNIFTY17SEP22200PE","","PE","17-09-2020","25","44.65","1,116.25","16-09-2020","25","41.40","1,035.00","1","-81.25","1,116.25"
"BANKNIFTY","BANKNIFTY17SEP22200PE","","PE","17-09-2020","25","2.60","65.00","17-09-2020","25","17.35","433.75","0","368.75","802.50"
"BANKNIFTY","BANKNIFTY17SEP22300PE","","PE","17-09-2020","25","0.20","5.00","17-09-2020","25","14.65","366.25","0","361.25","727.50"
"BANKNIFTY","BANKNIFTY17SEP22300PE","","PE","17-09-2020","25","41.00","1,025.00","17-09-2020","25","69.10","1,727.50","0","702.50","2,430.00"
"BANKNIFTY","BANKNIFTY24SEP20600PE","","PE","24-09-2020","25","87.00","2,175.00","24-09-2020","25","36.10","902.50","0","-1,272.50","2,175.00"
"BANKNIFTY","BANKNIFTY24SEP20600PE","","PE","24-09-2020","25","27.65","691.25","24-09-2020","25","33.25","831.25","0","140.00","971.25"
"BANKNIFTY","BANKNIFTY24SEP20700PE","","PE","24-09-2020","25","113.40","2,835.00","24-09-2020","25","30.80","770.00","0","-2,065.00","2,835.00"
"BANKNIFTY","BANKNIFTY24SEP20800PE","","PE","18-09-2020","25","88.95","2,223.75","21-09-2020","25","57.35","1,433.75","3","-790.00","2,223.75"
"BANKNIFTY","BANKNIFTY24SEP20800PE","","PE","24-09-2020","25","74.85","1,871.25","22-09-2020","25","141.35","3,533.75","2","1,662.50","5,196.25"
"BANKNIFTY","BANKNIFTY24SEP20900PE","","PE","24-09-2020","25","126.05","3,151.25","24-09-2020","25","113.30","2,832.50","0","-318.75","3,151.25"
"BANKNIFTY","BANKNIFTY24SEP21000PE","","PE","21-09-2020","25","86.50","2,162.50","18-09-2020","25","119.20","2,980.00","3","817.50","3,797.50"
"BANKNIFTY","BANKNIFTY24SEP21000PE","","PE","21-09-2020","25","162.85","4,071.25","21-09-2020","25","125.00","3,125.00","0","-946.25","4,071.25"
"BANKNIFTY","BANKNIFTY24SEP21000PE","","PE","22-09-2020","25","221.90","5,547.50","22-09-2020","25","178.00","4,450.00","0","-1,097.50","5,547.50"
"BANKNIFTY","BANKNIFTY01OCT21000PE","","PE","01-10-2020","25","3.30","82.50","28-09-2020","25","80.95","2,023.75","3","1,941.25","3,965.00"
"BANKNIFTY","BANKNIFTY01OCT21800PE","","PE","01-10-2020","25","19.20","480.00","01-10-2020","25","28.00","700.00","0","220.00","920.00"
"BANKNIFTY","BANKNIFTY01OCT21800PE","","PE","01-10-2020","25","19.20","480.00","01-10-2020","25","28.05","701.25","0","221.25","922.50"
"BANKNIFTY","BANKNIFTY01OCT21800PE","","PE","01-10-2020","25","19.20","480.00","01-10-2020","25","28.05","701.25","0","221.25","922.50"
"BANKNIFTY","BANKNIFTY01OCT22000PE","","PE","01-10-2020","25","5.70","142.50","01-10-2020","25","9.00","225.00","0","82.50","307.50"
"BANKNIFTY","BANKNIFTY08OCT21000PE","","PE","06-10-2020","25","7.85","196.25","01-10-2020","25","36.10","902.50","5","706.25","1,608.75"
"BANKNIFTY","BANKNIFTY08OCT22300PE","","PE","07-10-2020","25","35.35","883.75","06-10-2020","25","59.75","1,493.75","1","610.00","2,103.75"
"BANKNIFTY","BANKNIFTY08OCT22400PE","","PE","08-10-2020","25","2.05","51.25","07-10-2020","25","31.05","776.25","1","725.00","1,501.25"
"BANKNIFTY","BANKNIFTY08OCT22500PE","","PE","07-10-2020","25","50.40","1,260.00","07-10-2020","25","58.15","1,453.75","0","193.75","1,647.50"
"BANKNIFTY","BANKNIFTY08OCT23100PE","","PE","08-10-2020","25","2.85","71.25","08-10-2020","25","22.30","557.50","0","486.25","1,043.75"
"BANKNIFTY","BANKNIFTY08OCT23200PE","","PE","08-10-2020","25","6.60","165.00","08-10-2020","25","46.10","1,152.50","0","987.50","2,140.00"
"BANKNIFTY","BANKNIFTY15OCT21500PE","","PE","12-10-2020","25","11.55","288.75","09-10-2020","25","18.95","473.75","3","185.00","658.75"
"BANKNIFTY","BANKNIFTY15OCT22400PE","","PE","14-10-2020","25","11.05","276.25","13-10-2020","25","32.25","806.25","1","530.00","1,336.25"
"BANKNIFTY","BANKNIFTY15OCT22600PE","","PE","13-10-2020","25","44.35","1,108.75","14-10-2020","25","15.10","377.50","1","-731.25","1,108.75"
"BANKNIFTY","BANKNIFTY15OCT22800PE","","PE","14-10-2020","25","22.70","567.50","13-10-2020","25","71.10","1,777.50","1","1,210.00","2,987.50"
"BANKNIFTY","BANKNIFTY15OCT22900PE","","PE","14-10-2020","25","31.20","780.00","15-10-2020","25","3.75","93.75","1","-686.25","780.00"
"BANKNIFTY","BANKNIFTY15OCT22900PE","","PE","14-10-2020","25","23.75","593.75","15-10-2020","25","3.75","93.75","1","-500.00","593.75"
"BANKNIFTY","BANKNIFTY15OCT23100PE","","PE","15-10-2020","25","5.85","146.25","14-10-2020","25","38.80","970.00","1","823.75","1,793.75"
"BANKNIFTY","BANKNIFTY15OCT23100PE","","PE","15-10-2020","25","5.85","146.25","14-10-2020","25","51.45","1,286.25","1","1,140.00","2,426.25"
"BANKNIFTY","BANKNIFTY15OCT23400PE","","PE","15-10-2020","25","10.10","252.50","15-10-2020","25","8.40","210.00","0","-42.50","252.50"
"BANKNIFTY","BANKNIFTY22OCT22100PE","","PE","16-10-2020","25","68.30","1,707.50","16-10-2020","25","96.40","2,410.00","0","702.50","3,112.50"
"BANKNIFTY","BANKNIFTY22OCT22800PE","","PE","19-10-2020","25","75.45","1,886.25","16-10-2020","25","152.00","3,800.00","3","1,913.75","5,713.75"
"BANKNIFTY","BANKNIFTY22OCT23500PE","","PE","20-10-2020","25","101.95","2,548.75","19-10-2020","25","94.25","2,356.25","1","-192.50","2,548.75"
"BANKNIFTY","BANKNIFTY22OCT23600PE","","PE","21-10-2020","25","30.30","757.50","21-10-2020","25","52.90","1,322.50","0","565.00","1,887.50"
"BANKNIFTY","BANKNIFTY22OCT23700PE","","PE","22-10-2020","25","10.30","257.50","22-10-2020","25","17.00","425.00","0","167.50","592.50"
"BANKNIFTY","BANKNIFTY22OCT23800PE","","PE","22-10-2020","25","13.75","343.75","22-10-2020","25","28.55","713.75","0","370.00","1,083.75"
"BANKNIFTY","BANKNIFTY22OCT23900PE","","PE","22-10-2020","25","4.45","111.25","22-10-2020","25","10.55","263.75","0","152.50","416.25"
"BANKNIFTY","BANKNIFTY22OCT24100PE","","PE","22-10-2020","25","10.65","266.25","22-10-2020","25","21.40","535.00","0","268.75","803.75"
"BANKNIFTY","BANKNIFTY22OCT24300PE","","PE","21-10-2020","25","79.65","1,991.25","21-10-2020","25","82.30","2,057.50","0","66.25","2,123.75"
"BANKNIFTY","BANKNIFTY22OCT24400PE","","PE","21-10-2020","25","79.65","1,991.25","21-10-2020","25","99.05","2,476.25","0","485.00","2,961.25"
"BANKNIFTY","BANKNIFTY22OCT24500PE","","PE","21-10-2020","25","126.00","3,150.00","21-10-2020","25","127.65","3,191.25","0","41.25","3,232.50"
"BANKNIFTY","BANKNIFTY22OCT24500PE","","PE","21-10-2020","25","126.00","3,150.00","21-10-2020","25","158.55","3,963.75","0","813.75","4,777.50"
"BANKNIFTY","BANKNIFTY22OCT24600PE","","PE","21-10-2020","25","126.75","3,168.75","21-10-2020","25","157.00","3,925.00","0","756.25","4,681.25"
"BANKNIFTY","BANKNIFTY29OCT22900PE","","PE","23-10-2020","25","30.50","762.50","27-10-2020","25","39.35","983.75","4","221.25","1,205.00"
"BANKNIFTY","BANKNIFTY29OCT22900PE","","PE","26-10-2020","25","39.35","983.75","27-10-2020","25","39.30","982.50","1","-1.25","983.75"
"BANKNIFTY","BANKNIFTY29OCT23100PE","","PE","27-10-2020","25","55.75","1,393.75","26-10-2020","25","57.30","1,432.50","1","38.75","1,471.25"
"BANKNIFTY","BANKNIFTY29OCT23200PE","","PE","27-10-2020","25","66.50","1,662.50","23-10-2020","25","50.60","1,265.00","4","-397.50","1,662.50"
"BANKNIFTY","BANKNIFTY29OCT23300PE","","PE","29-10-2020","25","17.95","448.75","29-10-2020","25","3.75","93.75","0","-355.00","448.75"
"BANKNIFTY","BANKNIFTY29OCT23400PE","","PE","28-10-2020","25","47.85","1,196.25","29-10-2020","25","42.25","1,056.25","1","-140.00","1,196.25"
"BANKNIFTY","BANKNIFTY29OCT23500PE","","PE","28-10-2020","25","34.20","855.00","29-10-2020","25","60.95","1,523.75","1","668.75","2,192.50"
"BANKNIFTY","BANKNIFTY29OCT23500PE","","PE","29-10-2020","25","6.90","172.50","29-10-2020","25","19.20","480.00","0","307.50","787.50"
"BANKNIFTY","BANKNIFTY29OCT23600PE","","PE","27-10-2020","25","60.80","1,520.00","28-10-2020","25","65.00","1,625.00","1","105.00","1,730.00"
"BANKNIFTY","BANKNIFTY29OCT23600PE","","PE","29-10-2020","25","82.20","2,055.00","28-10-2020","25","80.10","2,002.50","1","-52.50","2,055.00"
"BANKNIFTY","BANKNIFTY29OCT23600PE","","PE","29-10-2020","25","9.10","227.50","29-10-2020","25","52.00","1,300.00","0","1,072.50","2,372.50"
"BANKNIFTY","BANKNIFTY29OCT23700PE","","PE","29-10-2020","25","107.55","2,688.75","28-10-2020","25","59.60","1,490.00","1","-1,198.75","2,688.75"
"BANKNIFTY","BANKNIFTY29OCT23700PE","","PE","29-10-2020","25","16.10","402.50","29-10-2020","25","18.55","463.75","0","61.25","525.00"
"BANKNIFTY","BANKNIFTY29OCT23700PE","","PE","29-10-2020","25","16.25","406.25","29-10-2020","25","32.45","811.25","0","405.00","1,216.25"
"BANKNIFTY","BANKNIFTY29OCT23700PE","","PE","29-10-2020","25","12.70","317.50","29-10-2020","25","46.05","1,151.25","0","833.75","1,985.00"
"BANKNIFTY","BANKNIFTY29OCT23800PE","","PE","28-10-2020","25","107.00","2,675.00","27-10-2020","25","83.00","2,075.00","1","-600.00","2,675.00"
"BANKNIFTY","BANKNIFTY05NOV22000PE","","PE","30-10-2020","25","56.20","1,405.00","02-11-2020","25","27.70","692.50","3","-712.50","1,405.00"
"BANKNIFTY","BANKNIFTY05NOV22300PE","","PE","02-11-2020","25","39.55","988.75","30-10-2020","25","81.70","2,042.50","3","1,053.75","3,096.25"
"BANKNIFTY","BANKNIFTY05NOV23000PE","","PE","04-11-2020","25","11.30","282.50","05-11-2020","25","1.05","26.25","1","-256.25","282.50"
"BANKNIFTY","BANKNIFTY05NOV23800PE","","PE","05-11-2020","25","1.90","47.50","04-11-2020","25","30.60","765.00","1","717.50","1,482.50"
"BANKNIFTY","BANKNIFTY05NOV25600PE","","PE","05-11-2020","25","14.10","352.50","05-11-2020","25","21.10","527.50","0","175.00","702.50"
"BANKNIFTY","BANKNIFTY12NOV25500PE","","PE","09-11-2020","25","19.20","480.00","10-11-2020","25","14.15","353.75","1","-126.25","480.00"
"BANKNIFTY","BANKNIFTY12NOV25900PE","","PE","10-11-2020","25","21.00","525.00","09-11-2020","25","31.10","777.50","1","252.50","1,030.00"
"BANKNIFTY","BANKNIFTY12NOV26200PE","","PE","10-11-2020","25","22.60","565.00","11-11-2020","25","10.60","265.00","1","-300.00","565.00"
"BANKNIFTY","BANKNIFTY12NOV26500PE","","PE","10-11-2020","25","36.00","900.00","11-11-2020","25","13.10","327.50","1","-572.50","900.00"
"BANKNIFTY","BANKNIFTY12NOV26700PE","","PE","11-11-2020","25","15.80","395.00","10-11-2020","25","35.90","897.50","1","502.50","1,400.00"
"BANKNIFTY","BANKNIFTY12NOV26700PE","","PE","11-11-2020","25","15.75","393.75","10-11-2020","25","45.65","1,141.25","1","747.50","1,888.75"
"BANKNIFTY","BANKNIFTY19NOV27500PE","","PE","17-11-2020","25","22.60","565.00","18-11-2020","25","8.20","205.00","1","-360.00","565.00"
"BANKNIFTY","BANKNIFTY19NOV27700PE","","PE","18-11-2020","25","10.15","253.75","17-11-2020","25","29.95","748.75","1","495.00","1,243.75"
"BANKNIFTY","BANKNIFTY19NOV27900PE","","PE","17-11-2020","25","23.35","583.75","18-11-2020","25","12.35","308.75","1","-275.00","583.75"
"BANKNIFTY","BANKNIFTY19NOV28100PE","","PE","18-11-2020","25","18.45","461.25","17-11-2020","25","33.65","841.25","1","380.00","1,221.25"
"BANKNIFTY","BANKNIFTY19NOV28400PE","","PE","18-11-2020","25","11.60","290.00","19-11-2020","25","2.75","68.75","1","-221.25","290.00"
"BANKNIFTY","BANKNIFTY19NOV28600PE","","PE","19-11-2020","25","2.00","50.00","18-11-2020","25","15.20","380.00","1","330.00","710.00"
"BANKNIFTY","BANKNIFTY19NOV29000PE","","PE","19-11-2020","25","12.20","305.00","19-11-2020","25","11.50","287.50","0","-17.50","305.00"
"BANKNIFTY","BANKNIFTY26NOV27900PE","","PE","24-11-2020","25","31.80","795.00","25-11-2020","25","8.60","215.00","1","-580.00","795.00"
"BANKNIFTY","BANKNIFTY26NOV28100PE","","PE","25-11-2020","25","10.45","261.25","24-11-2020","25","43.15","1,078.75","1","817.50","1,896.25"
"BANKNIFTY","BANKNIFTY26NOV28700PE","","PE","25-11-2020","25","64.00","1,600.00","26-11-2020","25","57.85","1,446.25","1","-153.75","1,600.00"
"BANKNIFTY","BANKNIFTY26NOV28800PE","","PE","26-11-2020","25","37.95","948.75","26-11-2020","25","40.65","1,016.25","0","67.50","1,083.75"
"BANKNIFTY","BANKNIFTY26NOV29000PE","","PE","26-11-2020","25","3.55","88.75","26-11-2020","25","8.95","223.75","0","135.00","358.75"
"BANKNIFTY","BANKNIFTY26NOV29000PE","","PE","26-11-2020","25","54.95","1,373.75","26-11-2020","25","77.25","1,931.25","0","557.50","2,488.75"
"BANKNIFTY","BANKNIFTY26NOV29300PE","","PE","26-11-2020","25","0.55","13.75","26-11-2020","25","3.50","87.50","0","73.75","161.25"
"BANKNIFTY","BANKNIFTY26NOV29300PE","","PE","26-11-2020","25","16.60","415.00","26-11-2020","25","26.25","656.25","0","241.25","897.50"
"BANKNIFTY","BANKNIFTY26NOV29400PE","","PE","26-11-2020","25","36.55","913.75","26-11-2020","25","11.30","282.50","0","-631.25","913.75"
"BANKNIFTY","BANKNIFTY26NOV29400PE","","PE","26-11-2020","25","36.55","913.75","26-11-2020","25","19.95","498.75","0","-415.00","913.75"
"BANKNIFTY","BANKNIFTY03DEC28500PE","","PE","01-12-2020","25","46.05","1,151.25","03-12-2020","25","1.70","42.50","2","-1,108.75","1,151.25"
"BANKNIFTY","BANKNIFTY03DEC28700PE","","PE","03-12-2020","25","4.35","108.75","01-12-2020","25","65.25","1,631.25","2","1,522.50","3,153.75"
"BANKNIFTY","BANKNIFTY03DEC28900PE","","PE","03-12-2020","25","7.35","183.75","03-12-2020","25","7.10","177.50","0","-6.25","183.75"
"BANKNIFTY","BANKNIFTY03DEC29200PE","","PE","03-12-2020","25","0.60","15.00","03-12-2020","25","2.00","50.00","0","35.00","85.00"
"BANKNIFTY","BANKNIFTY10DEC29200PE","","PE","07-12-2020","25","62.40","1,560.00","08-12-2020","25","29.40","735.00","1","-825.00","1,560.00"
"BANKNIFTY","BANKNIFTY10DEC29200PE","","PE","08-12-2020","25","32.80","820.00","09-12-2020","25","19.00","475.00","1","-345.00","820.00"
"BANKNIFTY","BANKNIFTY10DEC29300PE","","PE","08-12-2020","25","40.25","1,006.25","08-12-2020","25","39.90","997.50","0","-8.75","1,006.25"
"BANKNIFTY","BANKNIFTY10DEC29400PE","","PE","08-12-2020","25","46.85","1,171.25","07-12-2020","25","88.60","2,215.00","1","1,043.75","3,258.75"
"BANKNIFTY","BANKNIFTY10DEC29400PE","","PE","09-12-2020","25","29.65","741.25","08-12-2020","25","51.45","1,286.25","1","545.00","1,831.25"
"BANKNIFTY","BANKNIFTY10DEC29500PE","","PE","09-12-2020","25","37.75","943.75","08-12-2020","25","63.05","1,576.25","1","632.50","2,208.75"
"BANKNIFTY","BANKNIFTY10DEC29800PE","","PE","09-12-2020","25","11.40","285.00","09-12-2020","25","75.05","1,876.25","0","1,591.25","3,467.50"
"BANKNIFTY","BANKNIFTY10DEC29800PE","","PE","10-12-2020","25","9.25","231.25","10-12-2020","25","8.15","203.75","0","-27.50","231.25"
"BANKNIFTY","BANKNIFTY10DEC29900PE","","PE","10-12-2020","25","3.50","87.50","10-12-2020","25","13.45","336.25","0","248.75","585.00"
"BANKNIFTY","BANKNIFTY10DEC30000PE","","PE","10-12-2020","25","6.30","157.50","10-12-2020","25","24.65","616.25","0","458.75","1,075.00"
"BANKNIFTY","BANKNIFTY10DEC30100PE","","PE","09-12-2020","25","22.55","563.75","09-12-2020","25","23.75","593.75","0","30.00","623.75"
"BANKNIFTY","BANKNIFTY10DEC30100PE","","PE","10-12-2020","25","40.85","1,021.25","10-12-2020","25","37.25","931.25","0","-90.00","1,021.25"
"BANKNIFTY","BANKNIFTY10DEC30100PE","","PE","10-12-2020","25","55.95","1,398.75","10-12-2020","25","55.20","1,380.00","0","-18.75","1,398.75"
"BANKNIFTY","BANKNIFTY10DEC30100PE","","PE","10-12-2020","25","1.65","41.25","10-12-2020","25","6.05","151.25","0","110.00","261.25"
"BANKNIFTY","BANKNIFTY10DEC30200PE","","PE","10-12-2020","25","2.20","55.00","10-12-2020","25","12.10","302.50","0","247.50","550.00"
"BANKNIFTY","BANKNIFTY10DEC30300PE","","PE","10-12-2020","25","94.10","2,352.50","09-12-2020","25","47.65","1,191.25","1","-1,161.25","2,352.50"
"BANKNIFTY","BANKNIFTY10DEC30300PE","","PE","10-12-2020","25","3.35","83.75","10-12-2020","25","4.20","105.00","0","21.25","126.25"
"BANKNIFTY","BANKNIFTY10DEC30400PE","","PE","10-12-2020","25","8.70","217.50","10-12-2020","25","12.60","315.00","0","97.50","412.50"
"BANKNIFTY","BANKNIFTY10DEC30500PE","","PE","10-12-2020","25","10.20","255.00","10-12-2020","25","6.65","166.25","0","-88.75","255.00"
"BANKNIFTY","BANKNIFTY17DEC29000PE","","PE","15-12-2020","25","14.00","350.00","11-12-2020","25","35.80","895.00","4","545.00","1,440.00"
"BANKNIFTY","BANKNIFTY17DEC29200PE","","PE","11-12-2020","25","52.10","1,302.50","15-12-2020","25","22.30","557.50","4","-745.00","1,302.50"
"BANKNIFTY","BANKNIFTY17DEC29400PE","","PE","15-12-2020","25","27.95","698.75","15-12-2020","25","15.95","398.75","0","-300.00","698.75"
"BANKNIFTY","BANKNIFTY17DEC29600PE","","PE","16-12-2020","25","8.45","211.25","15-12-2020","25","45.20","1,130.00","1","918.75","2,048.75"
"BANKNIFTY","BANKNIFTY17DEC30000PE","","PE","16-12-2020","25","17.30","432.50","17-12-2020","25","5.70","142.50","1","-290.00","432.50"
"BANKNIFTY","BANKNIFTY17DEC30300PE","","PE","17-12-2020","25","17.80","445.00","16-12-2020","25","41.55","1,038.75","1","593.75","1,632.50"
"BANKNIFTY","BANKNIFTY24DEC28800PE","","PE","18-12-2020","25","21.45","536.25","21-12-2020","25","14.30","357.50","3","-178.75","536.25"
"BANKNIFTY","BANKNIFTY24DEC29100PE","","PE","21-12-2020","25","27.45","686.25","18-12-2020","25","35.00","875.00","3","188.75","1,063.75"
"BANKNIFTY","BANKNIFTY04MAR31000PE","","PE","02-03-2021","25","10.00","250.00","04-03-2021","25","2.20","55.00","2","-195.00","250.00"
"BANKNIFTY","BANKNIFTY04MAR33600PE","","PE","26-02-2021","25","344.90","8,622.50","02-03-2021","25","60.55","1,513.75","4","-7,108.75","8,622.50"
"BANKNIFTY","BANKNIFTY04MAR33800PE","","PE","02-03-2021","25","73.00","1,825.00","26-02-2021","25","400.00","10,000.00","4","8,175.00","18,175.00"
"BANKNIFTY","BANKNIFTY04MAR33800PE","","PE","04-03-2021","25","4.00","100.00","02-03-2021","25","55.60","1,390.00","2","1,290.00","2,680.00"
"BANKNIFTY","BANKNIFTY10MAR33500PE","","PE","05-03-2021","25","134.00","3,350.00","08-03-2021","25","34.20","855.00","3","-2,495.00","3,350.00"
"BANKNIFTY","BANKNIFTY10MAR33700PE","","PE","08-03-2021","25","43.80","1,095.00","05-03-2021","25","170.00","4,250.00","3","3,155.00","7,405.00"
"BANKNIFTY","BANKNIFTY10MAR33800PE","","PE","08-03-2021","25","56.85","1,421.25","10-03-2021","25","0.00","0.00","2","-1,421.25","1,421.25"
"BANKNIFTY","BANKNIFTY10MAR34100PE","","PE","10-03-2021","25","0.00","0.00","08-03-2021","25","103.00","2,575.00","2","2,575.00","5,150.00"
"BANKNIFTY","BANKNIFTY10MAR34500PE","","PE","09-03-2021","25","12.70","317.50","10-03-2021","25","0.00","0.00","1","-317.50","317.50"
"BANKNIFTY","BANKNIFTY10MAR35000PE","","PE","10-03-2021","25","0.00","0.00","09-03-2021","25","41.00","1,025.00","1","1,025.00","2,050.00"
"BANKNIFTY","BANKNIFTY10MAR35300PE","","PE","10-03-2021","25","4.30","107.50","10-03-2021","25","4.15","103.75","0","-3.75","107.50"
"BANKNIFTY","BANKNIFTY10MAR35800PE","","PE","10-03-2021","25","78.00","1,950.00","10-03-2021","25","0.00","0.00","0","-1,950.00","1,950.00"
"BANKNIFTY","BANKNIFTY10MAR36200PE","","PE","10-03-2021","25","261.70","6,542.50","10-03-2021","25","260.00","6,500.00","0","-42.50","6,542.50"
"BANKNIFTY","BANKNIFTY18MAR33800PE","","PE","18-03-2021","25","16.10","402.50","18-03-2021","25","180.00","4,500.00","0","4,097.50","8,597.50"
"BANKNIFTY","BANKNIFTY18MAR34000PE","","PE","18-03-2021","25","240.45","6,011.25","18-03-2021","25","202.55","5,063.75","0","-947.50","6,011.25"
"BANKNIFTY","BANKNIFTY18MAR34500PE","","PE","12-03-2021","25","76.00","1,900.00","18-03-2021","25","145.00","3,625.00","6","1,725.00","5,350.00"
"BANKNIFTY","BANKNIFTY18MAR34500PE","","PE","18-03-2021","25","615.60","15,390.00","18-03-2021","25","145.45","3,636.25","0","-11,753.75","15,390.00"
"BANKNIFTY","BANKNIFTY18MAR34700PE","","PE","18-03-2021","25","204.95","5,123.75","12-03-2021","25","99.00","2,475.00","6","-2,648.75","5,123.75"
"BANKNIFTY","BANKNIFTY25MAR32300PE","","PE","19-03-2021","25","242.20","6,055.00","25-03-2021","25","45.60","1,140.00","6","-4,915.00","6,055.00"
"BANKNIFTY","BANKNIFTY25MAR32300PE","","PE","19-03-2021","25","242.20","6,055.00","25-03-2021","25","45.60","1,140.00","6","-4,915.00","6,055.00"
"BANKNIFTY","BANKNIFTY25MAR32500PE","","PE","25-03-2021","25","93.15","2,328.75","19-03-2021","25","290.00","7,250.00","6","4,921.25","12,171.25"
"BANKNIFTY","BANKNIFTY25MAR32500PE","","PE","25-03-2021","25","93.15","2,328.75","19-03-2021","25","296.00","7,400.00","6","5,071.25","12,471.25"
"BANKNIFTY","BANKNIFTY25MAR32500PE","","PE","25-03-2021","25","88.30","2,207.50","25-03-2021","25","77.40","1,935.00","0","-272.50","2,207.50"
"BANKNIFTY","BANKNIFTY25MAR32500PE","","PE","25-03-2021","25","88.20","2,205.00","25-03-2021","25","77.45","1,936.25","0","-268.75","2,205.00"
"BANKNIFTY","BANKNIFTY25MAR32500PE","","PE","25-03-2021","25","89.70","2,242.50","25-03-2021","25","89.25","2,231.25","0","-11.25","2,242.50"
"BANKNIFTY","BANKNIFTY25MAR32500PE","","PE","25-03-2021","25","89.70","2,242.50","25-03-2021","25","89.30","2,232.50","0","-10.00","2,242.50"
"BANKNIFTY","BANKNIFTY25MAR33500PE","","PE","24-03-2021","25","270.00","6,750.00","24-03-2021","25","242.50","6,062.50","0","-687.50","6,750.00"
"BANKNIFTY","BANKNIFTY25MAR33500PE","","PE","24-03-2021","25","359.00","8,975.00","24-03-2021","25","341.15","8,528.75","0","-446.25","8,975.00"
"BANKNIFTY","BANKNIFTY01APR32000PE","","PE","26-03-2021","25","202.00","5,050.00","26-03-2021","25","177.35","4,433.75","0","-616.25","5,050.00"
"BANKNIFTY","BANKNIFTY01APR32000PE","","PE","26-03-2021","25","202.00","5,050.00","31-03-2021","25","28.20","705.00","5","-4,345.00","5,050.00"
"BANKNIFTY","BANKNIFTY01APR32000PE","","PE","26-03-2021","25","202.00","5,050.00","31-03-2021","25","28.25","706.25","5","-4,343.75","5,050.00"
"BANKNIFTY","BANKNIFTY01APR32000PE","","PE","26-03-2021","25","202.00","5,050.00","31-03-2021","25","28.30","707.50","5","-4,342.50","5,050.00"
"BANKNIFTY","BANKNIFTY01APR32200PE","","PE","31-03-2021","25","37.75","943.75","26-03-2021","25","233.00","5,825.00","5","4,881.25","10,706.25"
"BANKNIFTY","BANKNIFTY01APR32200PE","","PE","31-03-2021","50","37.75","1,887.50","26-03-2021","50","233.00","11,650.00","5","9,762.50","21,412.50"
"BANKNIFTY","BANKNIFTY01APR33100PE","","PE","31-03-2021","25","274.50","6,862.50","31-03-2021","25","257.60","6,440.00","0","-422.50","6,862.50"
"BANKNIFTY","BANKNIFTY01APR33100PE","","PE","31-03-2021","25","190.00","4,750.00","31-03-2021","25","274.75","6,868.75","0","2,118.75","8,987.50"
"BANKNIFTY","BANKNIFTY08APR33000PE","","PE","31-03-2021","25","519.55","12,988.75","31-03-2021","25","465.00","11,625.00","0","-1,363.75","12,988.75"
"BANKNIFTY","BANKNIFTY08APR33000PE","","PE","31-03-2021","25","528.65","13,216.25","31-03-2021","25","510.00","12,750.00","0","-466.25","13,216.25"
"NIFTY","NIFTY10SEP11500CE","","CE","07-09-2020","75","30.70","2,302.50","07-09-2020","75","28.60","2,145.00","0","-157.50","2,302.50"
"NIFTY","NIFTY10SEP11600CE","","CE","07-09-2020","75","13.85","1,038.75","04-09-2020","75","24.35","1,826.25","3","787.50","2,613.75"
"NIFTY","NIFTY10SEP11600CE","","CE","08-09-2020","75","11.00","825.00","08-09-2020","75","11.55","866.25","0","41.25","907.50"
"NIFTY","NIFTY10SEP11700CE","","CE","04-09-2020","75","12.85","963.75","07-09-2020","75","6.55","491.25","3","-472.50","963.75"
"NIFTY","NIFTY17SEP11600CE","","CE","17-09-2020","75","2.20","165.00","17-09-2020","75","3.35","251.25","0","86.25","337.50"
"NIFTY","NIFTY12NOV12750CE","","CE","12-11-2020","75","0.35","26.25","12-11-2020","75","3.80","285.00","0","258.75","543.75"
"NIFTY","NIFTY12NOV12800CE","","CE","12-11-2020","75","2.25","168.75","12-11-2020","75","7.90","592.50","0","423.75","1,016.25"
"NIFTY","NIFTY12NOV12800CE","","CE","12-11-2020","75","7.20","540.00","12-11-2020","75","15.50","1,162.50","0","622.50","1,785.00"
"NIFTY","NIFTY03DEC13250CE","","CE","03-12-2020","75","3.80","285.00","03-12-2020","75","7.55","566.25","0","281.25","847.50"
"NIFTY","NIFTY10DEC13500CE","","CE","10-12-2020","75","6.70","502.50","10-12-2020","75","16.20","1,215.00","0","712.50","1,927.50"
"NIFTY","NIFTY17DEC13750CE","","CE","17-12-2020","75","22.70","1,702.50","17-12-2020","75","16.50","1,237.50","0","-465.00","1,702.50"
"NIFTY","NIFTY17DEC13750CE","","CE","17-12-2020","75","1.90","142.50","17-12-2020","75","17.30","1,297.50","0","1,155.00","2,452.50"
"NIFTY","NIFTY04MAR15300CE","","CE","02-03-2021","75","5.50","412.50","26-02-2021","75","25.30","1,897.50","4","1,485.00","3,382.50"
"NIFTY","NIFTY04MAR15400CE","","CE","26-02-2021","75","18.00","1,350.00","02-03-2021","75","3.20","240.00","4","-1,110.00","1,350.00"
"NIFTY","NIFTY10MAR15050CE","","CE","09-03-2021","75","110.00","8,250.00","09-03-2021","75","64.50","4,837.50","0","-3,412.50","8,250.00"
"NIFTY","NIFTY10MAR15150CE","","CE","09-03-2021","75","22.00","1,650.00","09-03-2021","75","54.00","4,050.00","0","2,400.00","6,450.00"
"NIFTY","NIFTY10MAR15400CE","","CE","09-03-2021","75","5.50","412.50","09-03-2021","75","2.90","217.50","0","-195.00","412.50"
"NIFTY","NIFTY10MAR15450CE","","CE","09-03-2021","75","4.70","352.50","05-03-2021","75","35.00","2,625.00","4","2,272.50","4,897.50"
"NIFTY","NIFTY10MAR15450CE","","CE","09-03-2021","75","4.70","352.50","05-03-2021","75","36.15","2,711.25","4","2,358.75","5,070.00"
"NIFTY","NIFTY10MAR15500CE","","CE","09-03-2021","75","2.60","195.00","09-03-2021","75","1.75","131.25","0","-63.75","195.00"
"NIFTY","NIFTY10MAR15550CE","","CE","05-03-2021","75","23.00","1,725.00","09-03-2021","75","2.75","206.25","4","-1,518.75","1,725.00"
"NIFTY","NIFTY10MAR15550CE","","CE","05-03-2021","75","21.00","1,575.00","09-03-2021","75","2.75","206.25","4","-1,368.75","1,575.00"
"NIFTY","NIFTY18MAR15550CE","","CE","12-03-2021","75","35.60","2,670.00","12-03-2021","75","38.50","2,887.50","0","217.50","3,105.00"
"NIFTY","NIFTY18MAR15550CE","","CE","12-03-2021","75","35.00","2,625.00","12-03-2021","75","38.50","2,887.50","0","262.50","3,150.00"
"NIFTY","NIFTY18MAR15550CE","","CE","18-03-2021","150","0.60","90.00","12-03-2021","150","35.50","5,325.00","6","5,235.00","10,560.00"
"NIFTY","NIFTY18MAR15650CE","","CE","12-03-2021","75","20.00","1,500.00","12-03-2021","75","18.50","1,387.50","0","-112.50","1,500.00"
"NIFTY","NIFTY18MAR15650CE","","CE","12-03-2021","75","20.00","1,500.00","12-03-2021","75","19.60","1,470.00","0","-30.00","1,500.00"
"NIFTY","NIFTY18MAR15650CE","","CE","12-03-2021","75","19.60","1,470.00","18-03-2021","75","0.50","37.50","6","-1,432.50","1,470.00"
"NIFTY","NIFTY18MAR15650CE","","CE","12-03-2021","75","19.60","1,470.00","18-03-2021","75","0.50","37.50","6","-1,432.50","1,470.00"
"NIFTY","NIFTY25MAR14350CE","","CE","25-03-2021","75","18.65","1,398.75","25-03-2021","75","12.60","945.00","0","-453.75","1,398.75"
"NIFTY","NIFTY10SEP11000PE","","PE","07-09-2020","75","20.45","1,533.75","07-09-2020","75","28.35","2,126.25","0","592.50","2,718.75"
"NIFTY","NIFTY10SEP11250PE","","PE","08-09-2020","75","29.85","2,238.75","08-09-2020","75","31.05","2,328.75","0","90.00","2,418.75"
"NIFTY","NIFTY10SEP11300PE","","PE","10-09-2020","75","10.25","768.75","10-09-2020","75","13.30","997.50","0","228.75","1,226.25"
"NIFTY","NIFTY10DEC13350PE","","PE","10-12-2020","75","11.95","896.25","10-12-2020","75","12.30","922.50","0","26.25","948.75"
"NIFTY","NIFTY17DEC13600PE","","PE","17-12-2020","75","3.25","243.75","17-12-2020","75","8.20","615.00","0","371.25","986.25"
"NIFTY","NIFTY17DEC13650PE","","PE","17-12-2020","75","1.60","120.00","17-12-2020","75","6.50","487.50","0","367.50","855.00"
"NIFTY","NIFTY04MAR14250PE","","PE","26-02-2021","75","107.70","8,077.50","02-03-2021","75","10.70","802.50","4","-7,275.00","8,077.50"
"NIFTY","NIFTY04MAR14350PE","","PE","02-03-2021","75","17.00","1,275.00","26-02-2021","75","131.45","9,858.75","4","8,583.75","18,442.50"
"NIFTY","NIFTY10MAR14450PE","","PE","05-03-2021","75","50.00","3,750.00","09-03-2021","75","3.30","247.50","4","-3,502.50","3,750.00"
"NIFTY","NIFTY10MAR14450PE","","PE","05-03-2021","75","49.00","3,675.00","09-03-2021","75","3.30","247.50","4","-3,427.50","3,675.00"
"NIFTY","NIFTY10MAR14550PE","","PE","09-03-2021","75","5.00","375.00","05-03-2021","75","64.00","4,800.00","4","4,425.00","9,225.00"
"NIFTY","NIFTY10MAR14550PE","","PE","09-03-2021","75","5.00","375.00","05-03-2021","75","65.00","4,875.00","4","4,500.00","9,375.00"
"NIFTY","NIFTY10MAR14700PE","","PE","09-03-2021","75","11.00","825.00","09-03-2021","75","10.55","791.25","0","-33.75","825.00"
"NIFTY","NIFTY10MAR14950PE","","PE","09-03-2021","75","61.00","4,575.00","09-03-2021","75","53.00","3,975.00","0","-600.00","4,575.00"
"NIFTY","NIFTY18MAR14750PE","","PE","12-03-2021","75","26.00","1,950.00","12-03-2021","75","27.70","2,077.50","0","127.50","2,205.00"
"NIFTY","NIFTY18MAR14750PE","","PE","12-03-2021","75","26.00","1,950.00","12-03-2021","75","30.20","2,265.00","0","315.00","2,580.00"
"NIFTY","NIFTY18MAR14750PE","","PE","12-03-2021","150","30.55","4,582.50","18-03-2021","150","20.05","3,007.50","6","-1,575.00","4,582.50"
"NIFTY","NIFTY18MAR14850PE","","PE","18-03-2021","75","53.00","3,975.00","12-03-2021","75","44.00","3,300.00","6","-675.00","3,975.00"
"NIFTY","NIFTY18MAR14850PE","","PE","18-03-2021","75","53.00","3,975.00","12-03-2021","75","44.00","3,300.00","6","-675.00","3,975.00"
"TOTAL","","","","","","","","","","","","","25,742.50","1,331,642.50"